{"cameraMode":{"drawMode":0,"name":"Shaded","section":"Shading Mode"},"sceneLighting":true,"audioPlay":false,"sceneViewState":{"m_AlwaysRefresh":false,"showFog":true,"showSkybox":true,"showFlares":true,"showImageEffects":true,"showParticleSystems":true,"showVisualEffectGraphs":true,"m_FxEnabled":true},"in2DMode":false,"pivot":{"x":-19.593215942382814,"y":8.587457656860352,"z":-87.18046569824219},"rotation":{"x":-0.009224731475114823,"y":0.9445890784263611,"z":-0.32704228162765505,"w":-0.026643643155694009},"size":12.12435531616211,"orthographic":false}